run_id,scenario,baseline,seed,mean_fatigue,max_fatigue,mean_rula,workload_gini,energy_kwh,energy_per_unit,co2e_kg,scrap_rate,throughput,downtime_hrs,oee,constraint_violations,runtime_sec,demand,good_units,scrap_units,unfinished,maintenance_events,downtime_share,mean_health_end,hc1_breaches,hc3_breaches,mean_cognitive_load,availability,performance,quality_rate,rest_episodes,rest_minutes,hc1_filtered,hc2_filtered,hc3_filtered,hc4_filtered,machine_utilisation,operator_utilisation,deferral_epochs
S1_B1_s00,S1,B1,0,0.6697,1.0,4.9776,0.0129,111.657,1.4888,36.847,0.1733,75,1.25,0.6686,76,0.0254,75,62,13,0,5,0.0312,0.552,41,35,0.5174,0.9688,0.8349,0.8267,0,0.0,0,0,0,0,0.4771,0.7952,0
S1_B1_s01,S1,B1,1,0.653,1.0,4.756,0.011,107.029,1.4271,35.32,0.1467,75,1.25,0.6549,59,0.0241,75,64,11,0,5,0.0312,0.6066,33,26,0.4913,0.9688,0.7923,0.8533,0,0.0,0,0,0,0,0.4775,0.7959,0
S1_B1_s02,S1,B1,2,0.7043,1.0,4.9705,0.0052,118.594,1.5812,39.136,0.1467,75,1.25,0.6667,74,0.0256,75,64,11,0,5,0.0312,0.51,44,30,0.5286,0.9688,0.8065,0.8533,0,0.0,0,0,0,0,0.497,0.8283,0
S1_B1_s03,S1,B1,3,0.7048,1.0,5.033,0.0122,117.049,1.5607,38.626,0.1333,75,1.5,0.6888,90,0.0241,75,65,10,0,6,0.0375,0.7082,48,42,0.5267,0.9625,0.8258,0.8667,0,0.0,0,0,0,0,0.4894,0.8157,0
S1_B1_s04,S1,B1,4,0.6023,1.0,4.6531,0.0041,96.742,1.2899,31.925,0.1333,75,1.25,0.6734,60,0.026,75,65,10,0,5,0.0312,0.6612,33,27,0.4695,0.9688,0.802,0.8667,0,0.0,0,0,0,0,0.4572,0.7619,0
S1_B1_s05,S1,B1,5,0.6387,1.0,4.7584,0.0072,105.974,1.413,34.972,0.08,75,1.25,0.7194,59,0.0246,75,69,6,0,5,0.0312,0.5656,32,27,0.4883,0.9688,0.8072,0.92,0,0.0,0,0,0,0,0.4718,0.7864,0
S1_B1_s06,S1,B1,6,0.6446,1.0,4.7809,0.0048,106.937,1.4258,35.289,0.12,75,1.5,0.6802,60,0.0261,75,66,9,0,6,0.0375,0.7197,30,30,0.5031,0.9625,0.803,0.88,0,0.0,0,0,0,0,0.4774,0.7956,0
S1_B1_s07,S1,B1,7,0.5962,1.0,4.636,0.0059,96.889,1.2919,31.973,0.1067,75,1.25,0.6957,57,0.0263,75,67,8,0,5,0.0312,0.6586,31,26,0.4771,0.9688,0.8039,0.8933,0,0.0,0,0,0,0,0.4571,0.7619,0
S1_B1_s08,S1,B1,8,0.563,1.0,4.5722,0.0097,93.27,1.2436,30.779,0.12,75,1.25,0.7053,57,0.0269,75,66,9,0,5,0.0312,0.7455,30,27,0.4714,0.9688,0.8273,0.88,0,0.0,0,0,0,0,0.4412,0.7353,0
S1_B1_s09,S1,B1,9,0.5705,1.0,4.531,0.0095,93.526,1.247,30.864,0.2267,75,1.25,0.6003,48,0.0258,75,58,17,0,5,0.0312,0.7056,23,25,0.4684,0.9688,0.8013,0.7733,0,0.0,0,0,0,0,0.4493,0.7488,0
S1_B1_s10,S1,B1,10,0.6362,1.0,4.7785,0.0053,103.238,1.3765,34.069,0.12,75,1.25,0.6788,65,0.025,75,66,9,0,5,0.0312,0.6078,30,35,0.4862,0.9688,0.7963,0.88,0,0.0,0,0,0,0,0.4709,0.7849,0
S1_B1_s11,S1,B1,11,0.6112,1.0,4.7112,0.0019,101.236,1.3498,33.408,0.1733,75,1.25,0.6485,58,0.0254,75,62,13,0,5,0.0312,0.6658,30,28,0.4839,0.9688,0.8098,0.8267,0,0.0,0,0,0,0,0.462,0.7701,0
S1_B1_s12,S1,B1,12,0.5693,1.0,4.6188,0.0119,91.379,1.2184,30.155,0.0533,75,1.25,0.7605,60,0.0248,75,71,4,0,5,0.0312,0.7418,33,27,0.4657,0.9688,0.8293,0.9467,0,0.0,0,0,0,0,0.4371,0.7285,0
S1_B1_s13,S1,B1,13,0.6197,1.0,4.7244,0.0048,102.536,1.3671,33.837,0.16,75,1.25,0.6694,66,0.0268,75,63,12,0,5,0.0312,0.5975,36,30,0.4754,0.9688,0.8226,0.84,0,0.0,0,0,0,0,0.462,0.7699,0
S1_B1_s14,S1,B1,14,0.5507,1.0,4.5346,0.0158,88.923,1.1856,29.345,0.0933,75,1.25,0.7245,52,0.0245,75,68,7,0,5,0.0312,0.7422,29,23,0.4674,0.9688,0.8248,0.9067,0,0.0,0,0,0,0,0.4354,0.7257,0
S1_B1_s15,S1,B1,15,0.652,1.0,4.855,0.0039,110.872,1.4783,36.588,0.08,75,1.5,0.71,73,0.0272,75,69,6,0,6,0.0375,0.7135,40,33,0.5079,0.9625,0.8018,0.92,0,0.0,0,0,0,0,0.4833,0.8054,0
S1_B1_s16,S1,B1,16,0.5758,1.0,4.5783,0.0209,95.731,1.2764,31.591,0.1333,75,1.25,0.6891,53,0.0246,75,65,10,0,5,0.0312,0.7088,28,25,0.4672,0.9688,0.8208,0.8667,0,0.0,0,0,0,0,0.4467,0.7446,0
S1_B1_s17,S1,B1,17,0.6973,1.0,4.9312,0.0067,114.26,1.5235,37.706,0.12,75,1.5,0.6717,76,0.0263,75,66,9,0,6,0.0375,0.6541,44,32,0.511,0.9625,0.793,0.88,0,0.0,0,0,0,0,0.496,0.8267,0
S1_B1_s18,S1,B1,18,0.5953,1.0,4.6665,0.0088,99.675,1.329,32.893,0.1467,75,1.25,0.6768,58,0.028,75,64,11,0,5,0.0312,0.6657,28,30,0.4791,0.9688,0.8187,0.8533,0,0.0,0,0,0,0,0.454,0.7566,0
S1_B1_s19,S1,B1,19,0.5587,1.0,4.5324,0.0071,90.964,1.2129,30.018,0.1467,75,1.25,0.6627,45,0.0239,75,64,11,0,5,0.0312,0.7373,21,24,0.4591,0.9688,0.8017,0.8533,0,0.0,0,0,0,0,0.4439,0.7398,0
S1_B1_s20,S1,B1,20,0.5928,1.0,4.6937,0.0167,97.922,1.3056,32.314,0.1067,75,1.25,0.7052,51,0.024,75,67,8,0,5,0.0312,0.674,25,26,0.49,0.9688,0.8148,0.8933,0,0.0,0,0,0,0,0.4561,0.7602,0
S1_B1_s21,S1,B1,21,0.6481,1.0,4.8434,0.0086,103.625,1.3817,34.196,0.16,75,1.5,0.651,72,0.0281,75,63,12,0,6,0.0375,0.7589,39,33,0.4895,0.9625,0.8052,0.84,0,0.0,0,0,0,0,0.4709,0.7849,0
S1_B1_s22,S1,B1,22,0.6598,1.0,4.8514,0.0038,109.094,1.4546,36.001,0.12,75,1.25,0.6989,77,0.0239,75,66,9,0,5,0.0312,0.5797,43,34,0.4982,0.9688,0.8198,0.88,0,0.0,0,0,0,0,0.4727,0.7878,0
S1_B1_s23,S1,B1,23,0.6114,1.0,4.7332,0.0094,101.561,1.3541,33.515,0.08,75,1.25,0.7304,53,0.0258,75,69,6,0,5,0.0312,0.6624,28,25,0.4936,0.9688,0.8196,0.92,0,0.0,0,0,0,0,0.4596,0.766,0
S1_B1_s24,S1,B1,24,0.7178,1.0,4.968,0.0115,117.88,1.5717,38.9,0.0533,75,1.5,0.7111,80,0.0239,75,71,4,0,6,0.0375,0.6735,46,34,0.5185,0.9625,0.7804,0.9467,0,0.0,0,0,0,0,0.5061,0.8435,0
S1_B1_s25,S1,B1,25,0.5965,1.0,4.7264,0.0134,97.426,1.299,32.151,0.2267,75,1.25,0.6099,55,0.0281,75,58,17,0,5,0.0312,0.7004,27,28,0.4791,0.9688,0.8141,0.7733,0,0.0,0,0,0,0,0.4534,0.7557,0
S1_B1_s26,S1,B1,26,0.6759,1.0,4.8919,0.0028,114.616,1.5282,37.823,0.1067,75,1.25,0.709,74,0.0253,75,67,8,0,5,0.0312,0.5198,40,34,0.5064,0.9688,0.8192,0.8933,0,0.0,0,0,0,0,0.4842,0.807,0
S1_B1_s27,S1,B1,27,0.6076,1.0,4.7668,0.0151,100.562,1.3408,33.186,0.12,75,1.25,0.6993,61,0.0249,75,66,9,0,5,0.0312,0.6367,31,30,0.4783,0.9688,0.8203,0.88,0,0.0,0,0,0,0,0.4572,0.7619,0
S1_B1_s28,S1,B1,28,0.5609,1.0,4.5265,0.0117,92.5,1.2333,30.525,0.1333,75,1.25,0.6836,49,0.0257,75,65,10,0,5,0.0312,0.6893,23,26,0.4514,0.9688,0.8142,0.8667,0,0.0,0,0,0,0,0.4442,0.7403,0
S1_B1_s29,S1,B1,29,0.6479,1.0,4.8515,0.0055,107.841,1.4379,35.588,0.0667,75,1.5,0.7451,71,0.0251,75,70,5,0,6,0.0375,0.7373,37,34,0.509,0.9625,0.8294,0.9333,0,0.0,0,0,0,0,0.4702,0.7837,0
S1_B2_s00,S1,B2,0,0.6904,1.0,4.9235,0.0027,112.869,1.5049,37.247,0.16,75,1.5,0.6568,79,0.0254,75,63,12,0,6,0.0375,0.6779,41,38,0.5265,0.9625,0.8123,0.84,0,0.0,0,0,0,0,0.4903,0.8172,0
S1_B2_s01,S1,B2,1,0.654,1.0,4.6101,0.0099,103.92,1.3856,34.294,0.12,75,1.5,0.671,61,0.0256,75,66,9,0,6,0.0375,0.7075,36,25,0.4867,0.9625,0.7922,0.88,0,0.0,0,0,0,0,0.4776,0.796,0
S1_B2_s02,S1,B2,2,0.6959,1.0,4.8635,0.016,115.555,1.5407,38.133,0.2,75,1.75,0.625,68,0.0273,75,60,15,0,7,0.0437,0.7859,39,29,0.5228,0.9563,0.817,0.8,0,0.0,0,0,0,0,0.4906,0.8177,0
S1_B2_s03,S1,B2,3,0.7049,1.0,4.9552,0.0122,117.064,1.5609,38.631,0.1333,75,1.75,0.6843,88,0.0261,75,65,10,0,7,0.0437,0.7844,47,41,0.5269,0.9563,0.8258,0.8667,0,0.0,0,0,0,0,0.4894,0.8157,0
S1_B2_s04,S1,B2,4,0.5764,1.0,4.5167,0.0063,93.332,1.2444,30.8,0.1867,75,1.5,0.6468,58,0.0251,75,61,14,0,6,0.0375,0.8318,31,27,0.4756,0.9625,0.8263,0.8133,0,0.0,0,0,0,0,0.4438,0.7396,0
S1_B2_s05,S1,B2,5,0.6287,1.0,4.6636,0.0049,102.342,1.3646,33.773,0.1733,75,1.5,0.6503,61,0.0255,75,62,13,0,6,0.0375,0.7479,36,25,0.499,0.9625,0.8173,0.8267,0,0.0,0,0,0,0,0.466,0.7766,0
S1_B2_s06,S1,B2,6,0.6024,1.0,4.7519,0.0043,99.341,1.3245,32.782,0.1067,75,1.5,0.74,64,0.0242,75,67,8,0,6,0.0375,0.7907,34,30,0.4996,0.9625,0.8606,0.8933,0,0.0,0,0,0,0,0.4454,0.7424,0
S1_B2_s07,S1,B2,7,0.5814,1.0,4.501,0.0105,95.607,1.2748,31.55,0.16,75,1.5,0.6596,54,0.025,75,63,12,0,6,0.0375,0.8303,24,30,0.4775,0.9625,0.8158,0.84,0,0.0,0,0,0,0,0.4505,0.7508,0
S1_B2_s08,S1,B2,8,0.563,1.0,4.4576,0.0097,91.768,1.2236,30.284,0.1733,75,1.5,0.6583,53,0.0242,75,62,13,0,6,0.0375,0.8797,30,23,0.476,0.9625,0.8273,0.8267,0,0.0,0,0,0,0,0.4412,0.7353,0
S1_B2_s09,S1,B2,9,0.5298,1.0,4.4365,0.0092,86.978,1.1597,28.703,0.1467,75,1.5,0.6924,42,0.027,75,64,11,0,6,0.0375,0.9175,23,19,0.4801,0.9625,0.843,0.8533,0,0.0,0,0,0,0,0.427,0.7117,0
S1_B2_s10,S1,B2,10,0.6356,1.0,4.6991,0.0185,103.478,1.3797,34.148,0.1067,75,1.5,0.6833,59,0.0245,75,67,8,0,6,0.0375,0.7816,30,29,0.4842,0.9625,0.7947,0.8933,0,0.0,0,0,0,0,0.4719,0.7865,0
S1_B2_s11,S1,B2,11,0.6168,1.0,4.6861,0.0085,100.713,1.3428,33.235,0.0933,75,1.5,0.7113,63,0.0247,75,68,7,0,6,0.0375,0.8056,35,28,0.4863,0.9625,0.8151,0.9067,0,0.0,0,0,0,0,0.459,0.765,0
S1_B2_s12,S1,B2,12,0.5651,1.0,4.5712,0.0057,90.589,1.2078,29.894,0.0933,75,1.5,0.7254,59,0.0251,75,68,7,0,6,0.0375,0.8658,32,27,0.4707,0.9625,0.8312,0.9067,0,0.0,0,0,0,0,0.4361,0.7269,0
S1_B2_s13,S1,B2,13,0.6291,1.0,4.6631,0.0056,102.206,1.3627,33.728,0.1733,75,1.5,0.6508,66,0.0266,75,62,13,0,6,0.0375,0.7601,37,29,0.4972,0.9625,0.8179,0.8267,0,0.0,0,0,0,0,0.4646,0.7744,0
S1_B2_s14,S1,B2,14,0.5484,1.0,4.5021,0.0179,88.382,1.1784,29.166,0.0667,75,1.5,0.7426,52,0.024,75,70,5,0,6,0.0375,0.8836,23,29,0.4768,0.9625,0.8267,0.9333,0,0.0,0,0,0,0,0.4345,0.7241,0
S1_B2_s15,S1,B2,15,0.6128,1.0,4.7559,0.0027,105.34,1.4045,34.762,0.12,75,1.5,0.7154,67,0.0264,75,66,9,0,6,0.0375,0.7249,34,33,0.5083,0.9625,0.8446,0.88,0,0.0,0,0,0,0,0.4588,0.7647,0
S1_B2_s16,S1,B2,16,0.5766,1.0,4.5515,0.0113,93.318,1.2442,30.795,0.1467,75,1.5,0.6746,53,0.0241,75,64,11,0,6,0.0375,0.8252,29,24,0.4764,0.9625,0.8214,0.8533,0,0.0,0,0,0,0,0.4464,0.744,0
S1_B2_s17,S1,B2,17,0.6777,1.0,4.8222,0.0072,110.058,1.4674,36.319,0.0933,75,1.5,0.7193,74,0.0246,75,68,7,0,6,0.0375,0.6644,43,31,0.5157,0.9625,0.8242,0.9067,0,0.0,0,0,0,0,0.4772,0.7953,0
S1_B2_s18,S1,B2,18,0.5886,1.0,4.5967,0.0138,96.492,1.2866,31.842,0.0933,75,1.5,0.7201,57,0.0238,75,68,7,0,6,0.0375,0.8397,29,28,0.4878,0.9625,0.8252,0.9067,0,0.0,0,0,0,0,0.4504,0.7507,0
S1_B2_s19,S1,B2,19,0.5522,1.0,4.4784,0.0142,87.918,1.1722,29.013,0.0933,75,1.5,0.7055,38,0.0241,75,68,7,0,6,0.0375,0.8958,20,18,0.4648,0.9625,0.8084,0.9067,0,0.0,0,0,0,0,0.4402,0.7336,0
S1_B2_s20,S1,B2,20,0.591,1.0,4.6619,0.0067,96.627,1.2884,31.887,0.1467,75,1.5,0.6807,58,0.0311,75,64,11,0,6,0.0375,0.8399,30,28,0.4835,0.9625,0.8287,0.8533,0,0.0,0,0,0,0,0.4485,0.7475,0
S1_B2_s21,S1,B2,21,0.6483,1.0,4.7154,0.0086,103.405,1.3787,34.124,0.1733,75,1.5,0.6406,67,0.0273,75,62,13,0,6,0.0375,0.7385,39,28,0.502,0.9625,0.8052,0.8267,0,0.0,0,0,0,0,0.4709,0.7849,0
S1_B2_s22,S1,B2,22,0.6524,1.0,4.7967,0.0043,107.248,1.43,35.392,0.1733,75,1.5,0.6559,71,0.0257,75,62,13,0,6,0.0375,0.722,41,30,0.5052,0.9625,0.8244,0.8267,0,0.0,0,0,0,0,0.4701,0.7834,0
S1_B2_s23,S1,B2,23,0.5944,1.0,4.6986,0.0069,97.279,1.2971,32.102,0.08,75,1.5,0.7411,53,0.0248,75,69,6,0,6,0.0375,0.8289,29,24,0.494,0.9625,0.837,0.92,0,0.0,0,0,0,0,0.45,0.7501,0
S1_B2_s24,S1,B2,24,0.6996,1.0,4.8543,0.0052,114.072,1.521,37.644,0.16,75,1.75,0.6391,72,0.0253,75,63,12,0,7,0.0437,0.836,43,29,0.5136,0.9563,0.7956,0.84,0,0.0,0,0,0,0,0.4965,0.8274,0
S1_B2_s25,S1,B2,25,0.5965,1.0,4.6697,0.0134,95.821,1.2776,31.621,0.12,75,1.5,0.6896,55,0.0245,75,66,9,0,6,0.0375,0.796,27,28,0.4844,0.9625,0.8141,0.88,0,0.0,0,0,0,0,0.4534,0.7557,0
S1_B2_s26,S1,B2,26,0.6782,1.0,4.7805,0.0045,112.644,1.5019,37.173,0.24,75,1.75,0.5926,72,0.0241,75,57,18,0,7,0.0437,0.7912,42,30,0.5135,0.9563,0.8154,0.76,0,0.0,0,0,0,0,0.4865,0.8108,0
S1_B2_s27,S1,B2,27,0.6046,1.0,4.7106,0.0118,100.093,1.3346,33.031,0.12,75,1.5,0.6972,55,0.026,75,66,9,0,6,0.0375,0.7846,29,26,0.4821,0.9625,0.8232,0.88,0,0.0,0,0,0,0,0.4556,0.7593,0
S1_B2_s28,S1,B2,28,0.5717,1.0,4.4414,0.0079,92.355,1.2314,30.477,0.16,75,1.5,0.6605,51,0.0239,75,63,12,0,6,0.0375,0.8525,26,25,0.4663,0.9625,0.817,0.84,0,0.0,0,0,0,0,0.4427,0.7378,0
S1_B2_s29,S1,B2,29,0.643,1.0,4.7602,0.002,106.337,1.4178,35.091,0.0933,75,1.5,0.7317,66,0.0258,75,68,7,0,6,0.0375,0.7506,39,27,0.5085,0.9625,0.8385,0.9067,0,0.0,0,0,0,0,0.4651,0.7752,0
S1_B3_s00,S1,B3,0,0.4843,0.7632,4.2612,0.0797,81.813,1.2587,26.998,0.1231,65,1.0,0.6992,0,0.0517,75,57,8,10,5,0.025,0.6236,0,0,0.4886,0.975,0.8178,0.8769,0,0.0,3668,1645,273,0,0.3954,0.659,10
S1_B3_s01,S1,B3,1,0.4829,0.7713,4.12,0.0675,80.572,1.1677,26.589,0.1159,69,1.25,0.7037,0,0.0465,75,61,8,6,5,0.0312,0.7674,0,0,0.4622,0.9688,0.8216,0.8841,0,0.0,2368,1161,144,0,0.4057,0.6762,8
S1_B3_s02,S1,B3,2,0.4865,0.7693,4.264,0.0513,82.146,1.2638,27.108,0.1846,65,1.25,0.6538,0,0.0496,75,53,12,10,5,0.0312,0.7805,0,0,0.4859,0.9688,0.8277,0.8154,0,0.0,3306,1380,295,0,0.3937,0.6561,10
S1_B3_s03,S1,B3,3,0.434,0.7894,4.0714,0.1115,75.638,1.24,24.961,0.1639,61,1.0,0.6668,0,0.0546,75,51,10,14,4,0.025,0.7256,0,0,0.4768,0.975,0.8181,0.8361,0,0.0,3637,2195,256,0,0.3657,0.6095,8
S1_B3_s04,S1,B3,4,0.4335,0.7899,3.9399,0.0973,72.826,1.071,24.033,0.1765,68,1.0,0.6534,0,0.0476,75,56,12,7,4,0.025,0.7477,0,0,0.4357,0.975,0.8138,0.8235,0,0.0,2334,1375,268,0,0.3861,0.6434,5
S1_B3_s05,S1,B3,5,0.4248,0.7552,3.9201,0.1155,72.533,1.099,23.936,0.1364,66,1.0,0.7075,0,0.0507,75,57,9,9,4,0.025,0.695,0,0,0.4533,0.975,0.8402,0.8636,0,0.0,2809,2276,246,0,0.3729,0.6215,8
S1_B3_s06,S1,B3,6,0.4896,0.7808,4.2161,0.0705,82.022,1.2062,27.067,0.1029,68,1.25,0.704,0,0.044,75,61,7,7,5,0.0312,0.8007,0,0,0.4766,0.9688,0.8102,0.8971,0,0.0,2347,1117,136,0,0.4084,0.6806,8
S1_B3_s07,S1,B3,7,0.4473,0.791,3.9713,0.0581,75.955,1.0851,25.065,0.1143,70,1.25,0.7127,0,0.0479,75,62,8,5,5,0.0312,0.8353,0,0,0.4488,0.9688,0.8306,0.8857,0,0.0,1818,993,193,0,0.3973,0.6622,6
S1_B3_s08,S1,B3,8,0.4715,0.7729,4.0442,0.0584,77.678,1.0941,25.634,0.1408,71,1.25,0.6822,0,0.0388,75,61,10,4,5,0.0312,0.7987,0,0,0.4506,0.9688,0.8196,0.8592,0,0.0,1613,822,171,0,0.4087,0.6812,10
S1_B3_s09,S1,B3,9,0.4664,0.7854,4.0311,0.0716,78.128,1.1004,25.782,0.1408,71,1.25,0.664,0,0.0373,75,61,10,4,5,0.0312,0.8066,0,0,0.4552,0.9688,0.7978,0.8592,0,0.0,1440,817,175,0,0.4137,0.6894,7
S1_B3_s10,S1,B3,10,0.4493,0.7799,4.0568,0.0924,76.691,1.1446,25.308,0.0896,67,1.25,0.7014,0,0.044,75,61,6,8,5,0.0312,0.8511,0,0,0.4557,0.9688,0.7953,0.9104,0,0.0,2381,1300,177,0,0.3961,0.6602,5
S1_B3_s11,S1,B3,11,0.4483,0.7894,4.0379,0.0901,74.332,1.0931,24.529,0.0882,68,1.0,0.7416,0,0.0444,75,62,6,7,4,0.025,0.6848,0,0,0.451,0.975,0.8342,0.9118,0,0.0,2370,1371,151,0,0.3856,0.6427,10
S1_B3_s12,S1,B3,12,0.4769,0.793,4.0704,0.0624,79.456,1.1036,26.221,0.0972,72,1.25,0.7124,0,0.0412,75,65,7,3,5,0.0312,0.7763,0,0,0.4569,0.9688,0.8146,0.9028,0,0.0,1711,938,183,0,0.4174,0.6957,8
S1_B3_s13,S1,B3,13,0.4393,0.775,3.9695,0.1036,74.719,1.1321,24.657,0.1667,66,1.0,0.6646,0,0.0475,75,55,11,9,4,0.025,0.7091,0,0,0.4509,0.975,0.818,0.8333,0,0.0,2942,1745,125,0,0.382,0.6367,7
S1_B3_s14,S1,B3,14,0.4662,0.7863,3.9912,0.0702,77.434,1.0755,25.553,0.0417,72,1.0,0.7644,0,0.0415,75,69,3,3,4,0.025,0.6695,0,0,0.4548,0.975,0.818,0.9583,0,0.0,1865,850,145,0,0.4116,0.6859,9
S1_B3_s15,S1,B3,15,0.453,0.7798,4.0902,0.096,75.085,1.1376,24.778,0.1364,66,0.75,0.7144,0,0.0508,75,57,9,9,3,0.0187,0.5453,0,0,0.461,0.9812,0.843,0.8636,0,0.0,3170,1493,250,0,0.3796,0.6327,10
S1_B3_s16,S1,B3,16,0.4531,0.7953,4.0056,0.0975,75.275,1.0909,24.841,0.1594,69,1.25,0.6598,0,0.0444,75,58,11,6,5,0.0312,0.8452,0,0,0.4554,0.9688,0.8102,0.8406,0,0.0,2177,1119,162,0,0.397,0.6617,8
S1_B3_s17,S1,B3,17,0.4251,0.7747,4.0819,0.1031,73.563,1.1677,24.276,0.1111,63,1.0,0.72,0,0.0535,75,56,7,12,4,0.025,0.737,0,0,0.4625,0.975,0.8308,0.8889,0,0.0,3804,2171,163,0,0.3651,0.6085,8
S1_B3_s18,S1,B3,18,0.4608,0.791,4.0287,0.0918,77.516,1.1234,25.58,0.1304,69,1.0,0.69,0,0.0458,75,60,9,6,5,0.025,0.6754,0,0,0.4582,0.975,0.8139,0.8696,0,0.0,1947,1048,222,0,0.4014,0.669,4
S1_B3_s19,S1,B3,19,0.4697,0.7813,4.0314,0.0711,77.259,1.073,25.496,0.0694,72,1.25,0.7272,0,0.0383,75,67,5,3,5,0.0312,0.8265,0,0,0.4459,0.9688,0.8067,0.9306,0,0.0,1542,767,183,0,0.4132,0.6887,7
S1_B3_s20,S1,B3,20,0.4526,0.791,4.0273,0.0705,75.097,1.0884,24.782,0.1449,69,1.0,0.6992,0,0.0444,75,59,10,6,4,0.025,0.669,0,0,0.4508,0.975,0.8387,0.8551,0,0.0,2080,1349,236,0,0.3895,0.6492,10
S1_B3_s21,S1,B3,21,0.4394,0.7686,3.9681,0.1024,74.766,1.1328,24.673,0.0909,66,1.0,0.7208,0,0.0492,75,60,6,9,4,0.025,0.7197,0,0,0.4564,0.975,0.8132,0.9091,0,0.0,2722,1530,185,0,0.3833,0.6388,8
S1_B3_s22,S1,B3,22,0.4682,0.7767,4.1002,0.0856,78.864,1.1949,26.025,0.1667,66,1.0,0.662,0,0.0536,75,55,11,9,4,0.025,0.6795,0,0,0.4726,0.975,0.8148,0.8333,0,0.0,3328,1572,180,0,0.3927,0.6545,6
S1_B3_s23,S1,B3,23,0.4923,0.766,4.1836,0.0655,81.597,1.1657,26.927,0.0714,70,1.25,0.7392,0,0.0454,75,65,5,5,5,0.0312,0.7822,0,0,0.4693,0.9688,0.8217,0.9286,0,0.0,1577,861,153,0,0.4128,0.6879,7
S1_B3_s24,S1,B3,24,0.4189,0.7802,4.0197,0.0947,73.301,1.1823,24.189,0.1452,62,1.0,0.6862,0,0.0618,75,53,9,13,4,0.025,0.7706,0,0,0.4674,0.975,0.8233,0.8548,0,0.0,3730,2078,288,0,0.3613,0.6022,7
S1_B3_s25,S1,B3,25,0.4763,0.7923,4.1117,0.0642,80.392,1.1323,26.529,0.0986,71,1.25,0.7159,0,0.0441,75,64,7,4,5,0.0312,0.7971,0,0,0.4589,0.9688,0.8198,0.9014,0,0.0,2151,1039,164,0,0.4137,0.6895,8
S1_B3_s26,S1,B3,26,0.4069,0.772,3.9993,0.1264,71.268,1.1683,23.518,0.2459,61,1.0,0.6049,0,0.0543,75,46,15,14,4,0.025,0.7787,0,0,0.462,0.975,0.8227,0.7541,0,0.0,3369,2448,204,0,0.3545,0.5909,6
S1_B3_s27,S1,B3,27,0.4543,0.788,4.026,0.0777,77.032,1.1328,25.421,0.1471,68,1.0,0.6802,0,0.0466,75,58,10,7,4,0.025,0.6939,0,0,0.4561,0.975,0.8179,0.8529,0,0.0,2166,1525,226,0,0.3943,0.6572,8
S1_B3_s28,S1,B3,28,0.4419,0.776,3.9154,0.0825,73.549,1.0507,24.271,0.1286,70,1.0,0.6976,0,0.0446,75,61,9,5,4,0.025,0.7239,0,0,0.4452,0.975,0.821,0.8714,0,0.0,1869,996,202,0,0.3948,0.658,9
S1_B3_s29,S1,B3,29,0.4547,0.7717,4.0952,0.0992,78.941,1.2145,26.05,0.0923,65,1.25,0.7145,0,0.0485,75,59,6,10,5,0.0312,0.8615,0,0,0.4643,0.9688,0.8125,0.9077,0,0.0,2423,1455,181,0,0.3877,0.6461,5
S2_B1_s00,S2,B1,0,0.7931,1.0,5.0881,0.0071,135.284,1.5916,44.644,0.1647,85,1.75,0.6432,96,0.0269,112,71,14,27,8,0.0437,0.6254,50,46,0.5379,0.9563,0.8052,0.8353,0,0.0,0,0,0,0,0.5713,0.9521,0
S2_B1_s01,S2,B1,1,0.7681,1.0,4.8919,0.0028,127.095,1.428,41.941,0.1348,89,1.75,0.6493,82,0.0314,112,77,12,23,8,0.0437,0.6885,42,40,0.4988,0.9563,0.7848,0.8652,0,0.0,0,0,0,0,0.5776,0.9627,0
S2_B1_s02,S2,B1,2,0.7971,1.0,5.0546,0.0013,133.567,1.5178,44.077,0.1591,88,1.5,0.651,92,0.0287,112,74,14,24,7,0.0375,0.4879,50,42,0.5228,0.9625,0.8043,0.8409,0,0.0,0,0,0,0,0.5781,0.9635,0
S2_B1_s03,S2,B1,3,0.7874,1.0,4.9823,0.0062,132.344,1.487,43.674,0.1573,89,1.5,0.6625,98,0.0268,112,75,14,23,8,0.0375,0.4803,53,45,0.5177,0.9625,0.8168,0.8427,0,0.0,0,0,0,0,0.5754,0.959,0
S2_B1_s04,S2,B1,4,0.743,1.0,4.759,0.009,122.309,1.3743,40.362,0.1011,89,1.75,0.675,89,0.0267,112,80,9,23,7,0.0437,0.7161,49,40,0.483,0.9563,0.7852,0.8989,0,0.0,0,0,0,0,0.5667,0.9445,0
S2_B1_s05,S2,B1,5,0.7513,1.0,4.8626,0.0052,126.381,1.42,41.706,0.1011,89,1.25,0.696,83,0.0285,112,80,9,23,5,0.0312,0.3902,48,35,0.5013,0.9688,0.7993,0.8989,0,0.0,0,0,0,0,0.5693,0.9488,0
S2_B1_s06,S2,B1,6,0.76,1.0,4.9296,0.0053,127.32,1.3839,42.016,0.0761,92,1.75,0.7441,90,0.027,112,85,7,20,7,0.0437,0.6332,50,40,0.5099,0.9563,0.8422,0.9239,0,0.0,0,0,0,0,0.568,0.9466,0
S2_B1_s07,S2,B1,7,0.7102,1.0,4.6564,0.0052,116.368,1.238,38.402,0.0745,94,1.75,0.7127,68,0.0273,112,87,7,18,7,0.0437,0.7624,35,33,0.4847,0.9563,0.8053,0.9255,0,0.0,0,0,0,0,0.5681,0.9469,0
S2_B1_s08,S2,B1,8,0.7171,1.0,4.6232,0.0077,118.039,1.2425,38.953,0.0947,95,1.5,0.6903,74,0.0267,112,86,9,17,6,0.0375,0.5665,39,35,0.4743,0.9625,0.7922,0.9053,0,0.0,0,0,0,0,0.5754,0.959,0
S2_B1_s09,S2,B1,9,0.712,1.0,4.6389,0.0054,115.371,1.2678,38.073,0.1868,91,1.5,0.6031,69,0.0256,112,74,17,21,6,0.0375,0.6319,36,33,0.4781,0.9625,0.7706,0.8132,0,0.0,0,0,0,0,0.5699,0.9499,0
S2_B1_s10,S2,B1,10,0.7535,1.0,4.8379,0.0092,122.277,1.3437,40.351,0.2088,91,1.25,0.6019,75,0.0264,112,72,19,21,6,0.0312,0.4121,37,38,0.4997,0.9688,0.7852,0.7912,0,0.0,0,0,0,0,0.5752,0.9587,0
S2_B1_s11,S2,B1,11,0.7553,1.0,4.7649,0.0057,122.46,1.3028,40.412,0.1277,94,1.75,0.6649,82,0.0245,112,82,12,18,8,0.0437,0.6756,46,36,0.4871,0.9563,0.7971,0.8723,0,0.0,0,0,0,0,0.5833,0.9722,0
S2_B1_s12,S2,B1,12,0.7204,1.0,4.6882,0.0051,116.221,1.1982,38.353,0.1134,97,1.25,0.6975,77,0.0267,112,86,11,15,5,0.0312,0.4193,42,35,0.4808,0.9688,0.8121,0.8866,0,0.0,0,0,0,0,0.5747,0.9578,0
S2_B1_s13,S2,B1,13,0.7528,1.0,4.7903,0.0027,121.703,1.3229,40.162,0.1848,92,1.75,0.6257,92,0.0253,112,75,17,20,7,0.0437,0.685,47,45,0.4869,0.9563,0.8027,0.8152,0,0.0,0,0,0,0,0.5731,0.9551,0
S2_B1_s14,S2,B1,14,0.6862,1.0,4.5651,0.005,109.312,1.1042,36.073,0.101,99,1.5,0.7051,64,0.0257,112,89,10,13,6,0.0375,0.6149,36,28,0.464,0.9625,0.8149,0.899,0,0.0,0,0,0,0,0.5686,0.9476,0
S2_B1_s15,S2,B1,15,0.7536,1.0,4.9402,0.0024,128.755,1.4971,42.489,0.1047,86,1.75,0.676,93,0.0248,112,77,9,26,7,0.0437,0.6215,54,39,0.5103,0.9563,0.7896,0.8953,0,0.0,0,0,0,0,0.5668,0.9446,0
S2_B1_s16,S2,B1,16,0.727,1.0,4.6412,0.0054,116.045,1.2088,38.295,0.1354,96,1.5,0.6643,77,0.0254,112,83,13,16,6,0.0375,0.5582,42,35,0.4762,0.9625,0.7983,0.8646,0,0.0,0,0,0,0,0.5773,0.9621,0
S2_B1_s17,S2,B1,17,0.7804,1.0,4.9256,0.0013,126.192,1.434,41.643,0.125,88,1.75,0.6808,92,0.0285,112,77,11,24,7,0.0437,0.662,53,39,0.5088,0.9563,0.8136,0.875,0,0.0,0,0,0,0,0.5643,0.9406,0
S2_B1_s18,S2,B1,18,0.7325,1.0,4.7356,0.0011,117.344,1.2352,38.724,0.0737,95,1.25,0.7243,78,0.025,112,88,7,17,5,0.0312,0.4258,40,38,0.4798,0.9688,0.8071,0.9263,0,0.0,0,0,0,0,0.572,0.9533,0
S2_B1_s19,S2,B1,19,0.7144,1.0,4.5986,0.0083,115.4,1.2021,38.082,0.0833,96,1.5,0.6883,64,0.0268,112,88,8,16,6,0.0375,0.6012,33,31,0.4627,0.9625,0.7801,0.9167,0,0.0,0,0,0,0,0.5833,0.9721,0
S2_B1_s20,S2,B1,20,0.6897,1.0,4.54,0.0097,109.527,1.1176,36.144,0.1224,98,1.5,0.6759,53,0.0244,112,86,12,14,6,0.0375,0.6096,26,27,0.4594,0.9625,0.8002,0.8776,0,0.0,0,0,0,0,0.5727,0.9546,0
S2_B1_s21,S2,B1,21,0.7606,1.0,4.8989,0.0008,125.695,1.4448,41.479,0.2184,87,1.25,0.5907,90,0.0264,112,68,19,25,6,0.0312,0.4378,48,42,0.5181,0.9688,0.7801,0.7816,0,0.0,0,0,0,0,0.5672,0.9454,0
S2_B1_s22,S2,B1,22,0.7778,1.0,4.9459,0.0053,130.841,1.4701,43.177,0.1124,89,1.5,0.687,93,0.0266,112,79,10,23,7,0.0375,0.4992,51,42,0.5183,0.9625,0.8041,0.8876,0,0.0,0,0,0,0,0.5752,0.9587,0
S2_B1_s23,S2,B1,23,0.7486,1.0,4.8069,0.0027,123.268,1.3255,40.678,0.0968,93,1.5,0.7007,75,0.0292,112,84,9,19,6,0.0375,0.5989,43,32,0.5031,0.9625,0.806,0.9032,0,0.0,0,0,0,0,0.5748,0.958,0
S2_B1_s24,S2,B1,24,0.7775,1.0,4.9092,0.0057,127.933,1.4705,42.218,0.069,87,1.75,0.7139,90,0.0278,112,81,6,25,8,0.0437,0.6552,51,39,0.5112,0.9563,0.8018,0.931,0,0.0,0,0,0,0,0.5706,0.951,0
S2_B1_s25,S2,B1,25,0.737,1.0,4.791,0.0042,119.538,1.2993,39.448,0.1304,92,1.75,0.6627,76,0.0271,112,80,12,20,7,0.0437,0.707,39,37,0.4899,0.9563,0.7969,0.8696,0,0.0,0,0,0,0,0.5688,0.9481,0
S2_B1_s26,S2,B1,26,0.7554,1.0,4.9206,0.0067,128.667,1.4621,42.46,0.0909,88,1.25,0.7178,81,0.0263,112,80,8,24,5,0.0312,0.3772,45,36,0.5159,0.9688,0.8151,0.9091,0,0.0,0,0,0,0,0.5644,0.9406,0
S2_B1_s27,S2,B1,27,0.7402,1.0,4.7719,0.0034,123.639,1.3439,40.801,0.1087,92,1.75,0.695,79,0.0283,112,82,10,20,7,0.0437,0.6718,41,38,0.495,0.9563,0.8154,0.8913,0,0.0,0,0,0,0,0.5693,0.9488,0
S2_B1_s28,S2,B1,28,0.7019,1.0,4.5819,0.0015,113.903,1.2117,37.588,0.1383,94,1.5,0.6559,74,0.0251,112,81,13,18,7,0.0375,0.6159,37,37,0.4705,0.9625,0.7908,0.8617,0,0.0,0,0,0,0,0.5669,0.9449,0
S2_B1_s29,S2,B1,29,0.7496,1.0,4.8214,0.0036,123.413,1.3562,40.726,0.1209,91,1.5,0.679,90,0.0267,112,80,11,21,6,0.0375,0.5685,47,43,0.4936,0.9625,0.8025,0.8791,0,0.0,0,0,0,0,0.5712,0.9519,0
S2_B2_s00,S2,B2,0,0.7874,1.0,5.0329,0.0033,132.763,1.5805,43.812,0.1667,84,2.25,0.6317,99,0.0249,112,70,14,28,9,0.0563,0.9149,52,47,0.5348,0.9437,0.8032,0.8333,0,0.0,0,0,0,0,0.5685,0.9476,0
S2_B2_s01,S2,B2,1,0.7678,1.0,4.7154,0.0028,124.163,1.3796,40.974,0.1889,90,2.0,0.6114,81,0.0263,112,73,17,22,9,0.05,0.77,46,35,0.4979,0.95,0.7935,0.8111,0,0.0,0,0,0,0,0.5776,0.9627,0
S2_B2_s02,S2,B2,2,0.7787,1.0,4.8756,0.008,129.898,1.5282,42.866,0.1765,85,2.0,0.6195,86,0.0268,112,70,15,27,8,0.05,0.7878,49,37,0.5189,0.95,0.7919,0.8235,0,0.0,0,0,0,0,0.5672,0.9453,0
S2_B2_s03,S2,B2,3,0.788,1.0,4.9098,0.0062,131.213,1.4743,43.3,0.1124,89,2.0,0.6888,100,0.028,112,79,10,23,8,0.05,0.7529,52,48,0.5197,0.95,0.8168,0.8876,0,0.0,0,0,0,0,0.5754,0.959,0
S2_B2_s04,S2,B2,4,0.7261,1.0,4.6302,0.0064,119.285,1.3254,39.364,0.1556,90,1.75,0.6458,78,0.0279,112,76,14,22,8,0.0437,0.6654,42,36,0.4931,0.9563,0.7998,0.8444,0,0.0,0,0,0,0,0.5658,0.943,0
S2_B2_s05,S2,B2,5,0.7431,1.0,4.765,0.004,123.541,1.3881,40.769,0.0449,89,2.0,0.7249,76,0.0271,112,85,4,23,8,0.05,0.8143,44,32,0.5056,0.95,0.7989,0.9551,0,0.0,0,0,0,0,0.5695,0.9492,0
S2_B2_s06,S2,B2,6,0.76,1.0,4.8533,0.0053,125.41,1.3632,41.385,0.1957,92,2.0,0.6435,92,0.0288,112,74,18,20,9,0.05,0.7941,50,42,0.5102,0.95,0.8422,0.8043,0,0.0,0,0,0,0,0.568,0.9466,0
S2_B2_s07,S2,B2,7,0.7079,1.0,4.5367,0.0034,117.359,1.2619,38.729,0.1505,93,1.75,0.6477,71,0.0268,112,79,14,19,8,0.0437,0.7295,34,37,0.4828,0.9563,0.7973,0.8495,0,0.0,0,0,0,0,0.5696,0.9494,0
S2_B2_s08,S2,B2,8,0.6987,1.0,4.5139,0.0043,114.014,1.2001,37.625,0.0947,95,1.5,0.6984,69,0.026,112,86,9,17,6,0.0375,0.6253,38,31,0.4837,0.9625,0.8016,0.9053,0,0.0,0,0,0,0,0.5687,0.9478,0
S2_B2_s09,S2,B2,9,0.6834,1.0,4.5424,0.0014,112.315,1.1579,37.064,0.2062,97,1.75,0.6228,57,0.0256,112,77,20,15,7,0.0437,0.7637,30,27,0.4811,0.9563,0.8205,0.7938,0,0.0,0,0,0,0,0.5687,0.9479,0
S2_B2_s10,S2,B2,10,0.7347,1.0,4.729,0.0112,119.881,1.332,39.561,0.0778,90,1.5,0.7017,75,0.0303,112,83,7,22,7,0.0375,0.597,38,37,0.4924,0.9625,0.7905,0.9222,0,0.0,0,0,0,0,0.565,0.9417,0
S2_B2_s11,S2,B2,11,0.7563,1.0,4.7173,0.0073,122.505,1.3316,40.427,0.1304,92,2.0,0.657,82,0.0257,112,80,12,20,9,0.05,0.8416,47,35,0.4881,0.95,0.7953,0.8696,0,0.0,0,0,0,0,0.5763,0.9605,0
S2_B2_s12,S2,B2,12,0.7204,1.0,4.6224,0.0051,114.692,1.1824,37.848,0.0619,97,1.75,0.7285,77,0.0266,112,91,6,15,8,0.0437,0.7097,42,35,0.4773,0.9563,0.8121,0.9381,0,0.0,0,0,0,0,0.5747,0.9578,0
S2_B2_s13,S2,B2,13,0.753,1.0,4.7151,0.0027,119.553,1.2995,39.453,0.1848,92,2.0,0.6217,86,0.0271,112,75,17,20,8,0.05,0.8311,47,39,0.4936,0.95,0.8027,0.8152,0,0.0,0,0,0,0,0.5731,0.9551,0
S2_B2_s14,S2,B2,14,0.6928,1.0,4.4794,0.0064,107.104,1.0929,35.344,0.0918,98,1.75,0.705,68,0.0281,112,89,9,14,7,0.0437,0.7665,34,34,0.4655,0.9563,0.8118,0.9082,0,0.0,0,0,0,0,0.5666,0.9444,0
S2_B2_s15,S2,B2,15,0.7508,1.0,4.7991,0.0037,127.71,1.3882,42.144,0.087,92,2.0,0.7143,87,0.0277,112,84,8,20,8,0.05,0.7514,45,42,0.508,0.95,0.8236,0.913,0,0.0,0,0,0,0,0.5768,0.9613,0
S2_B2_s16,S2,B2,16,0.7233,1.0,4.5604,0.0054,113.728,1.1725,37.53,0.1546,97,2.0,0.6481,70,0.0305,112,82,15,15,8,0.05,0.8417,38,32,0.4772,0.95,0.807,0.8454,0,0.0,0,0,0,0,0.5773,0.9621,0
S2_B2_s17,S2,B2,17,0.7804,1.0,4.8898,0.0013,125.949,1.4312,41.563,0.0795,88,2.0,0.7115,94,0.0248,112,81,7,24,8,0.05,0.8025,53,41,0.5115,0.95,0.8136,0.9205,0,0.0,0,0,0,0,0.5643,0.9406,0
S2_B2_s18,S2,B2,18,0.7116,1.0,4.629,0.0008,114.197,1.2021,37.685,0.1158,95,1.75,0.6914,76,0.0269,112,84,11,17,7,0.0437,0.7473,37,39,0.4809,0.9563,0.8177,0.8842,0,0.0,0,0,0,0,0.5646,0.941,0
S2_B2_s19,S2,B2,19,0.7126,1.0,4.5169,0.0083,111.476,1.1612,36.787,0.1146,96,1.75,0.6654,60,0.0264,112,85,11,16,7,0.0437,0.7591,34,26,0.47,0.9563,0.7859,0.8854,0,0.0,0,0,0,0,0.579,0.9649,0
S2_B2_s20,S2,B2,20,0.7066,1.0,4.5523,0.003,110.17,1.0908,36.356,0.1089,101,1.5,0.6935,65,0.0256,112,90,11,11,7,0.0375,0.6225,33,32,0.4685,0.9625,0.8085,0.8911,0,0.0,0,0,0,0,0.5813,0.9688,0
S2_B2_s21,S2,B2,21,0.7708,1.0,4.8197,0.0057,125.645,1.4278,41.463,0.1818,88,2.0,0.6091,92,0.0261,112,72,16,24,8,0.05,0.8434,52,40,0.5201,0.95,0.7836,0.8182,0,0.0,0,0,0,0,0.5711,0.9518,0
S2_B2_s22,S2,B2,22,0.7705,1.0,4.8586,0.0057,128.259,1.4411,42.326,0.1236,89,2.0,0.6725,88,0.0264,112,78,11,23,9,0.05,0.7765,49,39,0.5167,0.95,0.8077,0.8764,0,0.0,0,0,0,0,0.5726,0.9543,0
S2_B2_s23,S2,B2,23,0.7213,1.0,4.754,0.0015,118.995,1.2795,39.268,0.1075,93,2.0,0.6937,73,0.044,112,83,10,19,8,0.05,0.8783,40,33,0.4938,0.95,0.8182,0.8925,0,0.0,0,0,0,0,0.5663,0.9438,0
S2_B2_s24,S2,B2,24,0.7812,1.0,4.884,0.0077,129.899,1.5464,42.867,0.119,84,1.75,0.6536,89,0.0258,112,74,10,28,8,0.0437,0.6612,52,37,0.5161,0.9563,0.7758,0.881,0,0.0,0,0,0,0,0.5725,0.9542,0
S2_B2_s25,S2,B2,25,0.7351,1.0,4.7205,0.0076,119.018,1.2798,39.276,0.1398,93,2.0,0.645,70,0.0266,112,80,13,19,8,0.05,0.848,35,35,0.4887,0.95,0.7892,0.8602,0,0.0,0,0,0,0,0.5786,0.9644,0
S2_B2_s26,S2,B2,26,0.7776,1.0,4.8372,0.0037,129.352,1.4868,42.686,0.2299,87,2.0,0.5823,89,0.0259,112,67,20,25,9,0.05,0.7729,52,37,0.514,0.95,0.7959,0.7701,0,0.0,0,0,0,0,0.5738,0.9563,0
S2_B2_s27,S2,B2,27,0.7398,1.0,4.7684,0.0063,121.085,1.3306,39.958,0.0879,91,1.75,0.7053,77,0.0258,112,83,8,21,8,0.0437,0.7034,42,35,0.4929,0.9563,0.8087,0.9121,0,0.0,0,0,0,0,0.5647,0.9412,0
S2_B2_s28,S2,B2,28,0.7137,1.0,4.5472,0.0068,115.229,1.2003,38.026,0.1667,96,1.5,0.6527,75,0.0253,112,80,16,16,7,0.0375,0.5838,39,36,0.4808,0.9625,0.8138,0.8333,0,0.0,0,0,0,0,0.5694,0.9489,0
S2_B2_s29,S2,B2,29,0.7419,1.0,4.7524,0.0029,121.018,1.2874,39.936,0.1064,94,1.75,0.712,83,0.0263,112,84,10,18,8,0.0437,0.6943,46,37,0.5051,0.9563,0.8333,0.8936,0,0.0,0,0,0,0,0.5671,0.9451,0
S2_B3_s00,S2,B3,0,0.5625,0.7632,4.2482,0.0338,88.556,1.0933,29.224,0.1605,81,1.25,0.6361,0,0.0659,112,68,13,31,5,0.0312,0.6723,0,0,0.4662,0.9688,0.7821,0.8395,0,0.0,5953,1791,142,0,0.4805,0.8009,5
S2_B3_s01,S2,B3,1,0.579,0.7684,4.1376,0.0183,89.764,1.0086,29.622,0.1685,89,1.5,0.635,0,0.0593,112,74,15,23,6,0.0375,0.7767,0,0,0.4556,0.9625,0.7934,0.8315,0,0.0,4718,700,292,0,0.5094,0.849,4
S2_B3_s02,S2,B3,2,0.5806,0.7838,4.2233,0.0127,87.003,0.9776,28.711,0.1798,89,1.5,0.6357,0,0.0554,112,73,16,23,6,0.0375,0.76,0,0,0.4504,0.9625,0.8053,0.8202,0,0.0,4108,1064,308,0,0.5029,0.8382,4
S2_B3_s03,S2,B3,3,0.5344,0.7894,4.059,0.0232,83.746,0.9852,27.636,0.0941,85,1.25,0.7121,0,0.0669,112,77,8,27,5,0.0312,0.6905,0,0,0.4506,0.9688,0.8114,0.9059,0,0.0,5760,1996,125,0,0.4765,0.7942,5
S2_B3_s04,S2,B3,4,0.5106,0.7899,3.88,0.0262,77.194,0.8391,25.474,0.1196,92,1.25,0.7031,0,0.061,112,81,11,20,5,0.0312,0.7225,0,0,0.4187,0.9688,0.8244,0.8804,0,0.0,3614,1981,422,0,0.4832,0.8053,3
S2_B3_s05,S2,B3,5,0.4902,0.7597,3.8915,0.038,76.034,0.8739,25.091,0.0345,87,1.25,0.7617,0,0.0638,112,84,3,25,5,0.0312,0.7561,0,0,0.4289,0.9688,0.8144,0.9655,0,0.0,4037,2615,313,0,0.4646,0.7743,4
S2_B3_s06,S2,B3,6,0.5923,0.7808,4.2262,0.021,89.491,0.9943,29.532,0.1778,90,1.5,0.6261,0,0.053,112,74,16,22,6,0.0375,0.7857,0,0,0.4592,0.9625,0.7911,0.8222,0,0.0,3873,827,90,0,0.5151,0.8585,3
S2_B3_s07,S2,B3,7,0.5404,0.791,3.9775,0.0243,81.207,0.8732,26.798,0.1398,93,1.25,0.6708,0,0.0514,112,80,13,19,5,0.0312,0.696,0,0,0.4301,0.9688,0.8049,0.8602,0,0.0,3344,913,142,0,0.5031,0.8386,3
S2_B3_s08,S2,B3,8,0.5674,0.7729,4.0386,0.0168,83.466,0.8786,27.544,0.0632,95,1.5,0.7241,0,0.0463,112,89,6,17,6,0.0375,0.7605,0,0,0.4283,0.9625,0.8031,0.9368,0,0.0,2619,781,128,0,0.5178,0.863,3
S2_B3_s09,S2,B3,9,0.5548,0.7854,4.036,0.0216,83.88,0.8923,27.68,0.1596,94,1.5,0.6431,0,0.0464,112,79,15,18,6,0.0375,0.8075,0,0,0.4391,0.9625,0.795,0.8404,0,0.0,2402,950,151,0,0.5157,0.8595,2
S2_B3_s10,S2,B3,10,0.5488,0.7895,4.0328,0.013,84.171,0.9149,27.777,0.087,92,1.5,0.6922,0,0.0573,112,84,8,20,6,0.0375,0.8256,0,0,0.4371,0.9625,0.7877,0.913,0,0.0,3834,1006,311,0,0.5099,0.8499,4
S2_B3_s11,S2,B3,11,0.5024,0.7894,3.9271,0.0276,77.164,0.867,25.464,0.1236,89,1.25,0.6815,0,0.0569,112,78,11,23,5,0.0312,0.779,0,0,0.426,0.9688,0.8027,0.8764,0,0.0,3663,2073,328,0,0.4775,0.7959,5
S2_B3_s12,S2,B3,12,0.5567,0.793,4.0591,0.0171,83.599,0.8989,27.588,0.0538,93,1.5,0.716,0,0.0495,112,88,5,19,6,0.0375,0.7831,0,0,0.435,0.9625,0.7861,0.9462,0,0.0,2653,1041,190,0,0.5152,0.8587,1
S2_B3_s13,S2,B3,13,0.528,0.775,3.9477,0.0291,78.41,0.8523,25.875,0.1522,92,1.25,0.6671,0,0.059,112,78,14,20,5,0.0312,0.7021,0,0,0.4312,0.9688,0.8122,0.8478,0,0.0,3738,1817,227,0,0.4904,0.8174,4
S2_B3_s14,S2,B3,14,0.5381,0.7863,3.945,0.0165,80.633,0.8488,26.609,0.1053,95,1.25,0.705,0,0.052,112,85,10,17,6,0.0312,0.6575,0,0,0.436,0.9688,0.8133,0.8947,0,0.0,3057,920,88,0,0.5072,0.8453,4
S2_B3_s15,S2,B3,15,0.5316,0.7798,4.0336,0.0319,81.546,0.9267,26.91,0.0795,88,1.25,0.7349,0,0.0605,112,81,7,24,5,0.0312,0.6912,0,0,0.4383,0.9688,0.8242,0.9205,0,0.0,4823,1912,94,0,0.4803,0.8004,4
S2_B3_s16,S2,B3,16,0.5239,0.7764,3.9521,0.0199,78.754,0.8378,25.989,0.1383,94,1.25,0.6766,0,0.051,112,81,13,18,5,0.0312,0.6893,0,0,0.423,0.9688,0.8105,0.8617,0,0.0,3222,1246,211,0,0.4986,0.8311,3
S2_B3_s17,S2,B3,17,0.5095,0.7778,3.9797,0.0399,78.098,0.9188,25.772,0.0824,85,1.25,0.7279,0,0.0716,112,78,7,27,5,0.0312,0.7592,0,0,0.4374,0.9688,0.8189,0.9176,0,0.0,5467,2905,267,0,0.461,0.7684,7
S2_B3_s18,S2,B3,18,0.5528,0.791,4.0291,0.02,84.102,0.9142,27.754,0.1522,92,1.5,0.6571,0,0.0549,112,78,14,20,6,0.0375,0.8156,0,0,0.4409,0.9625,0.8053,0.8478,0,0.0,3643,822,249,0,0.505,0.8417,3
S2_B3_s19,S2,B3,19,0.562,0.7873,4.0459,0.019,83.189,0.8666,27.452,0.1042,96,1.5,0.6934,0,0.0468,112,86,10,16,6,0.0375,0.7664,0,0,0.4259,0.9625,0.8042,0.8958,0,0.0,2631,743,104,0,0.5191,0.8652,3
S2_B3_s20,S2,B3,20,0.5361,0.791,3.9292,0.0178,79.328,0.8178,26.178,0.1031,97,1.5,0.7021,0,0.0477,112,87,10,15,6,0.0375,0.8089,0,0,0.4266,0.9625,0.8133,0.8969,0,0.0,2931,1175,83,0,0.5103,0.8505,3
S2_B3_s21,S2,B3,21,0.5001,0.7686,3.9435,0.045,78.382,0.9221,25.866,0.1529,85,1.25,0.6631,0,0.0598,112,72,13,27,5,0.0312,0.7584,0,0,0.4385,0.9688,0.8081,0.8471,0,0.0,4229,2547,350,0,0.464,0.7734,3
S2_B3_s22,S2,B3,22,0.5739,0.7877,4.1361,0.015,88.589,1.0067,29.234,0.1136,88,1.5,0.6771,0,0.0617,112,78,10,24,6,0.0375,0.7778,0,0,0.4558,0.9625,0.7936,0.8864,0,0.0,5626,843,307,0,0.504,0.84,3
S2_B3_s23,S2,B3,23,0.5679,0.766,4.1557,0.0189,87.364,0.9816,28.83,0.1124,89,1.5,0.6784,0,0.0514,112,79,10,23,6,0.0375,0.8051,0,0,0.4551,0.9625,0.7941,0.8876,0,0.0,2828,853,359,0,0.5048,0.8413,1
S2_B3_s24,S2,B3,24,0.5269,0.7808,4.0334,0.0416,81.85,0.9517,27.011,0.093,86,1.25,0.7198,0,0.0659,112,78,8,26,5,0.0312,0.7145,0,0,0.4475,0.9688,0.8193,0.907,0,0.0,5816,2398,121,0,0.473,0.7883,5
S2_B3_s25,S2,B3,25,0.5804,0.7923,4.1247,0.0061,85.821,0.913,28.321,0.1277,94,1.5,0.6675,0,0.0511,112,82,12,18,6,0.0375,0.7624,0,0,0.441,0.9625,0.795,0.8723,0,0.0,3317,576,232,0,0.522,0.87,3
S2_B3_s26,S2,B3,26,0.5118,0.772,3.9536,0.0427,78.873,0.9066,26.028,0.2069,87,1.25,0.628,0,0.0651,112,69,18,25,5,0.0312,0.7237,0,0,0.4377,0.9688,0.8174,0.7931,0,0.0,5006,2495,282,0,0.4721,0.7868,5
S2_B3_s27,S2,B3,27,0.5273,0.788,4.0088,0.025,81.192,0.9123,26.793,0.1011,89,1.25,0.7022,0,0.0563,112,80,9,23,5,0.0312,0.699,0,0,0.4396,0.9688,0.8063,0.8989,0,0.0,3743,1884,96,0,0.4857,0.8096,3
S2_B3_s28,S2,B3,28,0.5304,0.7827,3.9357,0.0191,79.526,0.8551,26.244,0.1613,93,1.25,0.6662,0,0.0511,112,78,15,19,5,0.0312,0.7084,0,0,0.4305,0.9688,0.8199,0.8387,0,0.0,3116,1386,171,0,0.495,0.825,3
S2_B3_s29,S2,B3,29,0.513,0.7717,3.949,0.029,80.066,0.9098,26.422,0.1023,88,1.25,0.7115,0,0.0565,112,79,9,24,5,0.0312,0.7171,0,0,0.4339,0.9688,0.8182,0.8977,0,0.0,3828,1795,237,0,0.4757,0.7928,3
S3_B1_s00,S3,B1,0,0.7825,1.0,5.0314,0.0045,133.091,1.6035,43.92,0.2169,83,4.5,0.5572,94,0.026,94,65,18,11,9,0.1125,0.7278,51,43,0.5291,0.8875,0.8016,0.7831,0,0.0,0,0,0,0,0.5634,0.9391,0
S3_B1_s01,S3,B1,1,0.768,1.0,4.8922,0.0028,127.046,1.4116,41.925,0.2,90,2.0,0.6031,84,0.0251,94,72,18,4,9,0.05,0.614,46,38,0.4978,0.95,0.7935,0.8,0,0.0,0,0,0,0,0.5776,0.9627,0
S3_B1_s02,S3,B1,2,0.8001,1.0,4.99,0.0013,132.71,1.5081,43.794,0.1364,88,3.25,0.6383,90,0.0252,94,76,12,6,9,0.0813,0.6112,50,40,0.5207,0.9187,0.8045,0.8636,0,0.0,0,0,0,0,0.578,0.9633,0
S3_B1_s03,S3,B1,3,0.7697,1.0,5.0168,0.003,133.067,1.5841,43.912,0.1429,84,1.75,0.6476,98,0.025,94,72,12,10,7,0.0437,0.5095,52,46,0.5167,0.9563,0.7901,0.8571,0,0.0,0,0,0,0,0.5664,0.9439,0
S3_B1_s04,S3,B1,4,0.7495,1.0,4.7879,0.0041,122.744,1.3342,40.506,0.1196,92,3.25,0.6545,91,0.0253,94,81,11,2,8,0.0813,0.6459,49,42,0.4778,0.9187,0.8091,0.8804,0,0.0,0,0,0,0,0.5696,0.9493,0
S3_B1_s05,S3,B1,5,0.7393,1.0,4.8095,0.0052,124.474,1.4145,41.076,0.1136,88,3.25,0.6478,84,0.0248,94,78,10,6,8,0.0813,0.6569,45,39,0.4895,0.9187,0.7955,0.8864,0,0.0,0,0,0,0,0.5625,0.9376,0
S3_B1_s06,S3,B1,6,0.7755,1.0,4.9293,0.0072,129.714,1.491,42.806,0.092,87,1.75,0.6934,94,0.0253,94,79,8,7,8,0.0437,0.5501,50,44,0.5097,0.9563,0.7985,0.908,0,0.0,0,0,0,0,0.5719,0.9531,0
S3_B1_s07,S3,B1,7,0.725,1.0,4.6116,0.0143,117.863,1.2673,38.895,0.0968,93,1.75,0.6888,73,0.0248,94,84,9,1,7,0.0437,0.6391,42,31,0.4746,0.9563,0.7974,0.9032,0,0.0,0,0,0,0,0.5695,0.9492,0
S3_B1_s08,S3,B1,8,0.6904,1.0,4.5924,0.0054,113.143,1.2036,37.337,0.0957,94,4.25,0.6568,62,0.0253,94,85,9,0,7,0.1062,0.614,35,27,0.4612,0.8938,0.8127,0.9043,0,0.0,0,0,0,0,0.5547,0.9245,0
S3_B1_s09,S3,B1,9,0.6971,1.0,4.6479,0.0026,114.601,1.2594,37.818,0.2088,91,3.0,0.5692,66,0.0248,94,72,19,3,7,0.075,0.5862,33,33,0.4697,0.925,0.7778,0.7912,0,0.0,0,0,0,0,0.5647,0.9411,0
S3_B1_s10,S3,B1,10,0.7537,1.0,4.8156,0.0093,122.295,1.3439,40.357,0.1758,91,1.25,0.6269,77,0.0256,94,75,16,3,7,0.0312,0.3451,37,40,0.4928,0.9688,0.7852,0.8242,0,0.0,0,0,0,0,0.5752,0.9587,0
S3_B1_s11,S3,B1,11,0.7315,1.0,4.7565,0.0024,121.075,1.3305,39.955,0.0989,91,3.5,0.6552,76,0.0312,94,82,9,3,9,0.0875,0.8889,39,37,0.4874,0.9125,0.7968,0.9011,0,0.0,0,0,0,0,0.5658,0.943,0
S3_B1_s12,S3,B1,12,0.7232,1.0,4.6776,0.0099,114.801,1.2344,37.884,0.1075,93,3.0,0.6532,74,0.0276,94,83,10,1,8,0.075,0.6082,40,34,0.4778,0.925,0.7912,0.8925,0,0.0,0,0,0,0,0.5677,0.9461,0
S3_B1_s13,S3,B1,13,0.747,1.0,4.7973,0.0028,122.349,1.3747,40.375,0.1798,89,2.5,0.6092,88,0.0275,94,73,16,5,7,0.0625,0.3415,49,39,0.4917,0.9375,0.7923,0.8202,0,0.0,0,0,0,0,0.5659,0.9431,0
S3_B1_s14,S3,B1,14,0.6749,1.0,4.5864,0.004,107.1,1.1394,35.343,0.1277,94,4.5,0.6366,63,0.025,94,82,12,0,8,0.1125,0.7811,33,30,0.4606,0.8875,0.8222,0.8723,0,0.0,0,0,0,0,0.5433,0.9054,0
S3_B1_s15,S3,B1,15,0.7525,1.0,4.9432,0.0025,127.94,1.5052,42.22,0.0941,85,4.5,0.6347,89,0.0263,94,77,8,9,8,0.1125,0.6695,48,41,0.5149,0.8875,0.7895,0.9059,0,0.0,0,0,0,0,0.5605,0.9342,0
S3_B1_s16,S3,B1,16,0.7105,1.0,4.615,0.0088,111.964,1.1911,36.948,0.117,94,2.0,0.6881,70,0.0268,94,83,11,0,8,0.05,0.8554,40,30,0.4716,0.95,0.8203,0.883,0,0.0,0,0,0,0,0.5536,0.9227,0
S3_B1_s17,S3,B1,17,0.7817,1.0,5.0075,0.0013,129.651,1.5435,42.785,0.1786,84,3.25,0.5906,90,0.0268,94,69,15,10,8,0.0813,0.6725,53,37,0.524,0.9187,0.7826,0.8214,0,0.0,0,0,0,0,0.5643,0.9406,0
S3_B1_s18,S3,B1,18,0.7083,1.0,4.618,0.0033,113.266,1.205,37.378,0.1064,94,3.25,0.673,69,0.0278,94,84,10,0,9,0.0813,0.6816,39,30,0.4723,0.9187,0.8197,0.8936,0,0.0,0,0,0,0,0.5571,0.9285,0
S3_B1_s19,S3,B1,19,0.6959,1.0,4.5415,0.0124,111.276,1.1838,36.721,0.1702,94,4.25,0.5914,54,0.0281,94,78,16,0,7,0.1062,0.596,29,25,0.4583,0.8938,0.7974,0.8298,0,0.0,0,0,0,0,0.5602,0.9336,0
S3_B1_s20,S3,B1,20,0.6821,1.0,4.5649,0.0036,107.045,1.1388,35.325,0.1277,94,1.75,0.6792,62,0.0262,94,82,12,0,7,0.0437,0.7261,33,29,0.4713,0.9563,0.8142,0.8723,0,0.0,0,0,0,0,0.5465,0.9109,0
S3_B1_s21,S3,B1,21,0.7694,1.0,4.8992,0.0057,124.642,1.4005,41.132,0.1461,89,3.0,0.6293,93,0.0298,94,76,13,5,8,0.075,0.5942,52,41,0.4967,0.925,0.7968,0.8539,0,0.0,0,0,0,0,0.5711,0.9518,0
S3_B1_s22,S3,B1,22,0.7738,1.0,4.9025,0.0057,129.843,1.4925,42.848,0.1494,87,3.25,0.6141,87,0.0261,94,74,13,7,8,0.0813,0.7146,50,37,0.5088,0.9187,0.7859,0.8506,0,0.0,0,0,0,0,0.5726,0.9543,0
S3_B1_s23,S3,B1,23,0.7362,1.0,4.8225,0.0043,121.989,1.3117,40.256,0.0753,93,1.75,0.7182,79,0.0267,94,86,7,1,7,0.0437,0.6588,43,36,0.4979,0.9563,0.8122,0.9247,0,0.0,0,0,0,0,0.5705,0.9508,0
S3_B1_s24,S3,B1,24,0.7412,1.0,4.883,0.0036,128.806,1.4805,42.506,0.0575,87,3.25,0.7066,80,0.0249,94,82,5,7,9,0.0813,0.5792,41,39,0.5071,0.9187,0.816,0.9425,0,0.0,0,0,0,0,0.5607,0.9344,0
S3_B1_s25,S3,B1,25,0.7255,1.0,4.7726,0.0012,117.941,1.282,38.92,0.163,92,3.0,0.6268,79,0.0268,94,77,15,2,7,0.075,0.6029,39,40,0.4857,0.925,0.8096,0.837,0,0.0,0,0,0,0,0.5599,0.9332,0
S3_B1_s26,S3,B1,26,0.759,1.0,4.9381,0.0015,131.963,1.5168,43.548,0.069,87,1.5,0.7198,87,0.0247,94,81,6,7,7,0.0375,0.5346,49,38,0.5096,0.9625,0.8032,0.931,0,0.0,0,0,0,0,0.5686,0.9476,0
S3_B1_s27,S3,B1,27,0.7377,1.0,4.797,0.0036,121.628,1.322,40.137,0.087,92,3.0,0.6938,83,0.0247,94,84,8,2,7,0.075,0.5715,44,39,0.4797,0.925,0.8215,0.913,0,0.0,0,0,0,0,0.565,0.9417,0
S3_B1_s28,S3,B1,28,0.7016,1.0,4.5983,0.0105,111.494,1.1989,36.793,0.172,93,1.75,0.6356,66,0.0251,94,77,16,1,7,0.0437,0.7339,35,31,0.4588,0.9563,0.8028,0.828,0,0.0,0,0,0,0,0.5543,0.9239,0
S3_B1_s29,S3,B1,29,0.7535,1.0,4.796,0.0052,123.846,1.3609,40.869,0.1429,91,1.75,0.6583,88,0.0248,94,78,13,3,9,0.0437,0.6195,48,40,0.4865,0.9563,0.8031,0.8571,0,0.0,0,0,0,0,0.5707,0.9511,0
S3_B2_s00,S3,B2,0,0.7874,1.0,5.0489,0.0033,133.211,1.5858,43.96,0.1548,84,2.25,0.6407,100,0.0261,94,71,13,10,9,0.0563,0.7934,52,48,0.532,0.9437,0.8032,0.8452,0,0.0,0,0,0,0,0.5685,0.9476,0
S3_B2_s01,S3,B2,1,0.7678,1.0,4.7563,0.0028,125.057,1.3895,41.269,0.1667,90,3.5,0.6034,85,0.0266,94,75,15,4,9,0.0875,0.7867,46,39,0.4998,0.9125,0.7935,0.8333,0,0.0,0,0,0,0,0.5776,0.9627,0
S3_B2_s02,S3,B2,2,0.7687,1.0,4.8224,0.0027,127.59,1.5011,42.105,0.2118,85,3.5,0.5741,84,0.0262,94,67,18,9,9,0.0875,0.7944,46,38,0.5188,0.9125,0.7982,0.7882,0,0.0,0,0,0,0,0.5627,0.9379,0
S3_B2_s03,S3,B2,3,0.7874,1.0,4.9278,0.0128,129.698,1.4573,42.8,0.0899,89,5.0,0.6591,100,0.0247,94,81,8,5,11,0.125,0.8069,53,47,0.5197,0.875,0.8277,0.9101,0,0.0,0,0,0,0,0.5678,0.9464,0
S3_B2_s04,S3,B2,4,0.7261,1.0,4.6785,0.0064,120.461,1.3385,39.752,0.1889,90,3.5,0.592,83,0.0261,94,73,17,4,9,0.0875,0.7955,42,41,0.4866,0.9125,0.7998,0.8111,0,0.0,0,0,0,0,0.5658,0.943,0
S3_B2_s05,S3,B2,5,0.7431,1.0,4.7493,0.004,123.652,1.3893,40.805,0.1011,89,2.0,0.6822,80,0.0246,94,80,9,5,9,0.05,0.6395,44,36,0.5052,0.95,0.7989,0.8989,0,0.0,0,0,0,0,0.5695,0.9492,0
S3_B2_s06,S3,B2,6,0.76,1.0,4.8946,0.0049,126.859,1.3789,41.863,0.1196,92,5.0,0.6492,95,0.0272,94,81,11,2,10,0.125,0.803,50,45,0.5132,0.875,0.8428,0.8804,0,0.0,0,0,0,0,0.5676,0.946,0
S3_B2_s07,S3,B2,7,0.7069,1.0,4.5084,0.0045,116.004,1.2473,38.281,0.1828,93,2.0,0.6226,67,0.0249,94,76,17,1,9,0.05,0.7369,33,34,0.4823,0.95,0.802,0.8172,0,0.0,0,0,0,0,0.5663,0.9438,0
S3_B2_s08,S3,B2,8,0.6828,1.0,4.4756,0.0096,109.256,1.1623,36.055,0.1383,94,1.75,0.6769,67,0.0264,94,81,13,0,7,0.0437,0.653,37,30,0.4767,0.9563,0.8214,0.8617,0,0.0,0,0,0,0,0.5488,0.9147,0
S3_B2_s09,S3,B2,9,0.6703,1.0,4.5427,0.0025,109.375,1.1636,36.094,0.1702,94,3.25,0.6363,55,0.026,94,78,16,0,8,0.0813,0.7907,29,26,0.4821,0.9187,0.8346,0.8298,0,0.0,0,0,0,0,0.5452,0.9086,0
S3_B2_s10,S3,B2,10,0.7356,1.0,4.6673,0.0067,118.698,1.3044,39.171,0.1429,91,3.25,0.6254,71,0.0254,94,78,13,3,9,0.0813,0.5959,35,36,0.494,0.9187,0.7941,0.8571,0,0.0,0,0,0,0,0.5688,0.948,0
S3_B2_s11,S3,B2,11,0.7482,1.0,4.7862,0.0109,122.335,1.3154,40.371,0.1183,93,3.25,0.6547,79,0.0252,94,82,11,1,9,0.0813,0.7162,41,38,0.4948,0.9187,0.8082,0.8817,0,0.0,0,0,0,0,0.5712,0.952,0
S3_B2_s12,S3,B2,12,0.7052,1.0,4.6132,0.0059,112.369,1.1954,37.082,0.0851,94,1.75,0.7216,71,0.0248,94,86,8,0,8,0.0437,0.73,39,32,0.4779,0.9563,0.8248,0.9149,0,0.0,0,0,0,0,0.5536,0.9227,0
S3_B2_s13,S3,B2,13,0.7523,1.0,4.6956,0.0014,119.057,1.2941,39.289,0.1522,92,1.75,0.652,83,0.0244,94,78,14,2,8,0.0437,0.6381,47,36,0.4948,0.9563,0.8042,0.8478,0,0.0,0,0,0,0,0.572,0.9533,0
S3_B2_s14,S3,B2,14,0.6792,1.0,4.4973,0.0088,105.147,1.1186,34.698,0.0745,94,3.25,0.704,66,0.0266,94,87,7,0,8,0.0813,0.7937,33,33,0.4602,0.9187,0.828,0.9255,0,0.0,0,0,0,0,0.5395,0.8991,0
S3_B2_s15,S3,B2,15,0.7493,1.0,4.8849,0.0037,129.23,1.4047,42.646,0.1087,92,3.5,0.6732,89,0.0262,94,82,10,2,9,0.0875,0.7683,45,44,0.5092,0.9125,0.8277,0.8913,0,0.0,0,0,0,0,0.5739,0.9564,0
S3_B2_s16,S3,B2,16,0.7173,1.0,4.5988,0.0089,112.529,1.1971,37.135,0.1277,94,4.5,0.6277,66,0.0248,94,82,12,0,9,0.1125,0.5891,35,31,0.4851,0.8875,0.8107,0.8723,0,0.0,0,0,0,0,0.5602,0.9337,0
S3_B2_s17,S3,B2,17,0.7804,1.0,4.8608,0.0013,125.607,1.4274,41.45,0.1136,88,2.25,0.6806,88,0.0263,94,78,10,6,9,0.0563,0.8636,53,35,0.5034,0.9437,0.8136,0.8864,0,0.0,0,0,0,0,0.5643,0.9406,0
S3_B2_s18,S3,B2,18,0.702,1.0,4.5338,0.0029,110.539,1.176,36.478,0.117,94,2.25,0.6897,67,0.0251,94,83,11,0,9,0.0563,0.8668,36,31,0.4812,0.9437,0.8276,0.883,0,0.0,0,0,0,0,0.5518,0.9196,0
S3_B2_s19,S3,B2,19,0.6838,1.0,4.4106,0.0049,106.601,1.1341,35.178,0.1064,94,2.0,0.6923,53,0.0267,94,84,10,0,8,0.05,0.8006,27,26,0.4578,0.95,0.8154,0.8936,0,0.0,0,0,0,0,0.5478,0.9129,0
S3_B2_s20,S3,B2,20,0.6799,1.0,4.5222,0.0061,104.626,1.113,34.527,0.1064,94,2.0,0.7,61,0.0254,94,84,10,0,8,0.05,0.8289,34,27,0.4593,0.95,0.8246,0.8936,0,0.0,0,0,0,0,0.5397,0.8994,0
S3_B2_s21,S3,B2,21,0.7708,1.0,4.7693,0.0057,124.031,1.4094,40.93,0.1591,88,2.25,0.6219,90,0.0265,94,74,14,6,10,0.0563,0.7338,52,38,0.516,0.9437,0.7836,0.8409,0,0.0,0,0,0,0,0.5711,0.9518,0
S3_B2_s22,S3,B2,22,0.7705,1.0,4.8243,0.0057,127.253,1.4298,41.994,0.1685,89,2.0,0.638,85,0.0284,94,74,15,5,8,0.05,0.6743,49,36,0.5061,0.95,0.8077,0.8315,0,0.0,0,0,0,0,0.5726,0.9543,0
S3_B2_s23,S3,B2,23,0.723,1.0,4.7807,0.0039,118.695,1.2902,39.169,0.087,92,3.5,0.6778,76,0.0259,94,84,8,2,9,0.0875,0.763,41,35,0.4933,0.9125,0.8135,0.913,0,0.0,0,0,0,0,0.5634,0.939,0
S3_B2_s24,S3,B2,24,0.7797,1.0,4.8742,0.0077,129.973,1.5473,42.891,0.119,84,3.25,0.6286,85,0.0267,94,74,10,10,9,0.0813,0.6573,52,33,0.5162,0.9187,0.7767,0.881,0,0.0,0,0,0,0,0.5719,0.9531,0
S3_B2_s25,S3,B2,25,0.7323,1.0,4.6801,0.011,118.161,1.2844,38.993,0.2065,92,2.0,0.5974,71,0.0244,94,73,19,2,8,0.05,0.7535,35,36,0.4896,0.95,0.7926,0.7935,0,0.0,0,0,0,0,0.572,0.9533,0
S3_B2_s26,S3,B2,26,0.7776,1.0,4.8648,0.0037,130.061,1.495,42.92,0.2069,87,2.25,0.5957,86,0.0262,94,69,18,7,10,0.0563,0.7694,52,34,0.5072,0.9437,0.7959,0.7931,0,0.0,0,0,0,0,0.5738,0.9563,0
S3_B2_s27,S3,B2,27,0.7398,1.0,4.7684,0.0063,121.085,1.3306,39.958,0.0879,91,3.25,0.6777,77,0.0247,94,83,8,3,9,0.0813,0.7034,42,35,0.4929,0.9187,0.8087,0.9121,0,0.0,0,0,0,0,0.5647,0.9412,0
S3_B2_s28,S3,B2,28,0.6977,1.0,4.5267,0.0033,110.442,1.1749,36.446,0.1489,94,1.5,0.6767,70,0.0281,94,80,14,0,6,0.0375,0.6142,37,33,0.475,0.9625,0.8261,0.8511,0,0.0,0,0,0,0,0.5477,0.9129,0
S3_B2_s29,S3,B2,29,0.7387,1.0,4.7177,0.002,120.117,1.2778,39.639,0.1064,94,1.75,0.716,80,0.026,94,84,10,0,8,0.0437,0.6943,46,34,0.5007,0.9563,0.8379,0.8936,0,0.0,0,0,0,0,0.5639,0.9398,0
S3_B3_s00,S3,B3,0,0.5154,0.7632,4.2619,0.0474,85.104,1.182,28.084,0.1528,72,4.25,0.617,0,0.0566,94,61,11,22,7,0.1062,0.8049,0,0,0.4754,0.8938,0.8148,0.8472,0,0.0,4450,1858,130,0,0.4296,0.7159,5
S3_B3_s01,S3,B3,1,0.5338,0.7654,4.1407,0.0436,85.271,1.0794,28.14,0.1392,79,1.25,0.6782,0,0.0555,94,68,11,15,6,0.0312,0.6348,0,0,0.4613,0.9688,0.8133,0.8608,0,0.0,3880,1267,231,0,0.457,0.7617,7
S3_B3_s02,S3,B3,2,0.5311,0.7686,4.219,0.0456,85.569,1.1113,28.238,0.1688,77,2.75,0.6264,0,0.0545,94,64,13,17,6,0.0688,0.7062,0,0,0.4729,0.9313,0.8092,0.8312,0,0.0,3376,1496,116,0,0.4511,0.7518,4
S3_B3_s03,S3,B3,3,0.4822,0.7894,4.0838,0.0547,78.759,1.0643,25.991,0.0946,74,1.5,0.7064,0,0.0619,94,67,7,20,6,0.0375,0.6899,0,0,0.4433,0.9625,0.8106,0.9054,0,0.0,4336,2336,214,0,0.4246,0.7077,8
S3_B3_s04,S3,B3,4,0.4604,0.7899,3.9102,0.0635,73.921,0.96,24.394,0.1558,77,4.25,0.6212,0,0.0571,94,65,12,17,7,0.1062,0.9187,0,0,0.4307,0.8938,0.8234,0.8442,0,0.0,3081,1926,266,0,0.42,0.7,8
S3_B3_s05,S3,B3,5,0.4495,0.7597,3.8702,0.0679,72.573,0.9549,23.949,0.0921,76,4.25,0.6753,0,0.0591,94,69,7,18,7,0.1062,0.8748,0,0,0.4312,0.8938,0.8322,0.9079,0,0.0,3057,2562,319,0,0.4116,0.6859,10
S3_B3_s06,S3,B3,6,0.5261,0.7808,4.1998,0.032,84.15,1.0929,27.77,0.1039,77,1.25,0.7052,0,0.0575,94,69,8,17,5,0.0312,0.7068,0,0,0.4681,0.9688,0.8124,0.8961,0,0.0,3747,1268,441,0,0.4473,0.7454,7
S3_B3_s07,S3,B3,7,0.4985,0.791,3.9376,0.0497,80.311,0.9794,26.503,0.1463,82,4.0,0.6284,0,0.0474,94,70,12,12,6,0.1,0.7147,0,0,0.4421,0.9,0.8179,0.8537,0,0.0,2208,1008,197,0,0.4544,0.7574,4
S3_B3_s08,S3,B3,8,0.5206,0.7729,4.0299,0.0356,80.994,0.9642,26.728,0.1429,84,3.0,0.6344,0,0.0454,94,72,12,10,7,0.075,0.8267,0,0,0.4371,0.925,0.8001,0.8571,0,0.0,1888,979,131,0,0.4697,0.7829,5
S3_B3_s09,S3,B3,9,0.5075,0.7854,4.0229,0.0397,80.355,0.9681,26.517,0.1325,83,1.5,0.6759,0,0.0481,94,72,11,11,6,0.0375,0.7464,0,0,0.4431,0.9625,0.8095,0.8675,0,0.0,2037,1315,174,0,0.4602,0.767,5
S3_B3_s10,S3,B3,10,0.5034,0.7799,4.0024,0.0174,80.079,0.9886,26.426,0.0864,81,2.75,0.6963,0,0.0561,94,74,7,13,6,0.0688,0.7378,0,0,0.451,0.9313,0.8185,0.9136,0,0.0,3097,1427,197,0,0.451,0.7517,7
S3_B3_s11,S3,B3,11,0.4708,0.7894,3.9571,0.0561,75.262,0.9527,24.837,0.1139,79,2.75,0.6845,0,0.0552,94,70,9,15,6,0.0688,0.7465,0,0,0.4273,0.9313,0.8296,0.8861,0,0.0,3156,2066,124,0,0.4299,0.7165,9
S3_B3_s12,S3,B3,12,0.5219,0.793,4.0493,0.0367,82.193,0.9903,27.124,0.0482,83,4.25,0.6773,0,0.0446,94,79,4,11,7,0.1062,0.7779,0,0,0.4484,0.8938,0.7961,0.9518,0,0.0,1763,939,130,0,0.47,0.7833,4
S3_B3_s13,S3,B3,13,0.4894,0.7706,4.0043,0.0555,79.791,1.01,26.331,0.1392,79,2.5,0.6424,0,0.0499,94,68,11,15,5,0.0625,0.6796,0,0,0.434,0.9375,0.7961,0.8608,0,0.0,3441,1493,169,0,0.447,0.7449,4
S3_B3_s14,S3,B3,14,0.5088,0.7863,3.9506,0.0492,78.974,0.9291,26.061,0.1059,85,2.75,0.6761,0,0.0439,94,76,9,9,6,0.0688,0.7504,0,0,0.4383,0.9313,0.812,0.8941,0,0.0,2271,1014,172,0,0.467,0.7783,6
S3_B3_s15,S3,B3,15,0.4952,0.7813,4.0245,0.0548,79.095,1.014,26.101,0.1026,78,2.75,0.6993,0,0.0569,94,70,8,16,6,0.0688,0.6679,0,0,0.4435,0.9313,0.8367,0.8974,0,0.0,3595,1893,157,0,0.4342,0.7237,8
S3_B3_s16,S3,B3,16,0.4952,0.7764,3.9682,0.0344,79.374,0.9563,26.193,0.0964,83,3.0,0.6774,0,0.0487,94,75,8,11,7,0.075,0.8065,0,0,0.4355,0.925,0.8104,0.9036,0,0.0,2235,1152,248,0,0.4586,0.7644,3
S3_B3_s17,S3,B3,17,0.478,0.7778,4.0453,0.0721,78.274,1.0722,25.83,0.0548,73,4.25,0.6766,0,0.0613,94,69,4,21,7,0.1062,0.9022,0,0,0.4493,0.8938,0.801,0.9452,0,0.0,4130,2424,305,0,0.4193,0.6988,9
S3_B3_s18,S3,B3,18,0.4947,0.791,3.9484,0.0325,76.814,0.9368,25.349,0.1098,82,2.75,0.6775,0,0.0473,94,73,9,12,6,0.0688,0.684,0,0,0.4354,0.9313,0.8173,0.8902,0,0.0,2460,1368,175,0,0.4487,0.7478,7
S3_B3_s19,S3,B3,19,0.5304,0.7873,4.0334,0.043,81.977,0.9532,27.053,0.0698,86,3.0,0.6985,0,0.0427,94,80,6,8,7,0.075,0.6961,0,0,0.4409,0.925,0.8118,0.9302,0,0.0,1904,878,162,0,0.4763,0.7939,5
S3_B3_s20,S3,B3,20,0.5009,0.791,3.9683,0.0423,78.023,0.9179,25.748,0.1294,85,3.0,0.6608,0,0.046,94,74,11,9,7,0.075,0.8098,0,0,0.4343,0.925,0.8206,0.8706,0,0.0,2229,1263,130,0,0.46,0.7667,5
S3_B3_s21,S3,B3,21,0.4799,0.7686,3.9813,0.0671,80.406,1.0721,26.534,0.1333,75,4.25,0.6189,0,0.0548,94,65,10,19,7,0.1062,0.8564,0,0,0.451,0.8938,0.7991,0.8667,0,0.0,3138,2039,147,0,0.4317,0.7196,4
S3_B3_s22,S3,B3,22,0.5297,0.7767,4.146,0.0389,85.608,1.0975,28.251,0.1923,78,1.5,0.6358,0,0.0568,94,63,15,16,7,0.0375,0.6904,0,0,0.4623,0.9625,0.8178,0.8077,0,0.0,4393,1488,246,0,0.4524,0.7541,8
S3_B3_s23,S3,B3,23,0.5312,0.766,4.146,0.0443,82.874,1.0231,27.348,0.0864,81,1.5,0.7129,0,0.0475,94,74,7,13,6,0.0375,0.8138,0,0,0.456,0.9625,0.8107,0.9136,0,0.0,2301,1357,90,0,0.4605,0.7675,5
S3_B3_s24,S3,B3,24,0.4783,0.7802,4.0551,0.081,79.425,1.059,26.21,0.1333,75,2.5,0.6679,0,0.0641,94,65,10,19,5,0.0625,0.6267,0,0,0.445,0.9375,0.8221,0.8667,0,0.0,4351,2564,117,0,0.4237,0.7062,7
S3_B3_s25,S3,B3,25,0.5376,0.7923,4.1325,0.0255,85.793,1.0337,28.312,0.1446,83,1.5,0.6659,0,0.0468,94,71,12,11,6,0.0375,0.6863,0,0,0.4526,0.9625,0.8087,0.8554,0,0.0,2972,860,115,0,0.474,0.79,6
S3_B3_s26,S3,B3,26,0.4662,0.772,3.9898,0.0678,76.13,1.0151,25.123,0.2133,75,4.0,0.5847,0,0.0574,94,59,16,19,6,0.1,0.7607,0,0,0.4406,0.9,0.8258,0.7867,0,0.0,3759,2259,206,0,0.4178,0.6963,4
S3_B3_s27,S3,B3,27,0.496,0.788,4.0137,0.0404,78.673,0.9959,25.962,0.1139,79,2.5,0.6784,0,0.0539,94,70,9,15,5,0.0625,0.6228,0,0,0.4481,0.9375,0.8167,0.8861,0,0.0,2937,1732,194,0,0.4408,0.7347,6
S3_B3_s28,S3,B3,28,0.4892,0.7726,3.9331,0.0396,77.183,0.9299,25.47,0.1325,83,2.5,0.6659,0,0.0484,94,72,11,11,5,0.0625,0.7438,0,0,0.4293,0.9375,0.8188,0.8675,0,0.0,2371,1137,139,0,0.4519,0.7532,7
S3_B3_s29,S3,B3,29,0.4963,0.7717,4.023,0.0509,79.674,1.0085,26.292,0.0759,79,2.75,0.6976,0,0.0499,94,73,6,15,6,0.0688,0.775,0,0,0.4388,0.9313,0.8107,0.9241,0,0.0,2591,1503,254,0,0.4441,0.7401,5
